{"cameraMode":{"drawMode":0,"name":"Shaded","section":"Shading Mode"},"sceneLighting":true,"audioPlay":false,"sceneViewState":{"m_AlwaysRefresh":false,"showFog":true,"showSkybox":true,"showFlares":true,"showImageEffects":true,"showParticleSystems":true,"showVisualEffectGraphs":true,"m_FxEnabled":true},"in2DMode":false,"pivot":{"x":-1.1920928955078126e-7,"y":0.6720861196517944,"z":-0.15800371766090394},"rotation":{"x":0.11068140715360642,"y":-0.04023977369070053,"z":0.004485048819333315,"w":0.9930310249328613},"size":-0.17411518096923829,"orthographic":false}