{"cameraMode":{"drawMode":0,"name":"Shaded","section":"Shading Mode"},"sceneLighting":true,"audioPlay":false,"sceneViewState":{"m_AlwaysRefresh":false,"showFog":true,"showSkybox":true,"showFlares":true,"showImageEffects":true,"showParticleSystems":true,"showVisualEffectGraphs":true,"m_FxEnabled":true},"in2DMode":false,"pivot":{"x":3.774322986602783,"y":1.20163893699646,"z":-0.043674349784851077},"rotation":{"x":0.35864317417144778,"y":-0.01960091106593609,"z":0.0075325933285057549,"w":0.9332399368286133},"size":4.73115873336792,"orthographic":false}